feature,mean_importance
payment_ratio_6month,-0.0016908188275633561
total_3mo_usage_per_limit,0.012599896394937683
remaining_bill,0.012743063822308076
delinquency_score,0.018997368894811607
payment_ratio,0.019747783250685425
total_usage,0.0245750636925683
utilization_3month,0.02509346770087011
total_usage_per_limit,0.02673182709850701
overlimit_percentage,0.0347793672845506
payment_ratio_3month,0.06613592844584773
